create database Mario_Kart;
use Mario_Kart;

create table Usuarios (
idUsuario int primary key auto_increment,
Nome varchar(100) not null unique,
CPF char(11) unique,
DataNasc date,
Email varchar(100) not null,
TelefoneCelular char(15),
ceTitulos int,
foreign key (ceTitulos)
references Títulos(idTitulos));

create table Títulos(
idTitulos int primary key,
NomeJogo varchar(60) not null unique,
DataLanc date,
Console varchar(45) not null,
Mecanica varchar(100),
Online tinyint);

insert into Títulos values
(1, 'Super Mario Kart', '1992-08-27', 'Super Nintendo Entertainment System', 'Corridas de Kart', 0),
(2, 'Mario Kart 64', '1996-12-14', 'Nintendo 64', 'Circuitos 3D', 0),
(3, 'Mario Kart: Super Circuit', '2001-07-21', 'Game Boy Advance', 'Corridas em Console Portátil', 0),
(4, 'Mario Kart: Double Dash!!', '2003-11-07', 'Nintendo GameCube', 'Corridas em Duplas', 0),
(5, 'Mario Kart DS', '2005-11-14', 'Nintendo DS', 'Circuitos Retrôs', 1),
(6, 'Mario Kart Wii', '2008-04-10', 'Nintendo Wii', 'Motocicletas', 1),
(7, 'Mario Kart 7', '2012-05-21', 'Nintendo 3DS', 'Customização dos Veículos', 1),
(8, 'Mario Kart 8', '2014-05-29', 'Nintendo Wii U', 'Corridas Anti-Gravitacionais', 1),
(9, 'Mario Kart 8 Deluxe', '2017-04-28', 'Nintendo Switch', 'Customização das Opções de Itens para as Corridas', 1),
(10, 'Mario Kart Tour', '2019-09-25', 'Celulares', 'Pistas Baseadas em Cidades Reais', 1),
(11, 'Mario Kart World', '2025-06-05', 'Nintendo Switch 2', 'Mundo Aberto', 1);

create table Copa(
idCopa int primary key,
Nome varchar(20));

insert into Copa values
(1, 'Mushroom Cup'),
(2, 'Flower Cup'),
(3, 'Star Cup'),
(4, 'Special Cup'),
(5, 'Shell Cup'),
(6, 'Banana Cup'),
(7, 'Leaf Cup'),
(8, 'Lightning Cup'),
(9, 'Egg Cup'),
(10, 'Triforce Cup'),
(11, 'Crossing Cup'),
(12, 'Bell Cup'),
(13, 'Golden Dash Cup'),
(14, 'Lucky Cat Cup'),
(15, 'Turnip Cup'),
(16, 'Propeller Cup'),
(17, 'Rock Cup'),
(18, 'Moon Cup'),
(19, 'Fruit Cup'),
(20, 'Boomerang Cup'),
(21, 'Feather Cup'),
(22, 'Cherry Cup'),
(23, 'Acorn Cup'),
(24, 'Spiny Cup'),
(25, 'Outros');

create table Pistas(
ceTitulos int,
ceCopa int,
idPistas int,
Nome varchar(60) not null,
Tematica varchar (45),
Formato varchar(15),
constraint chkFormato
check (Formato in ('Seções', 'Voltas')),
primary key (ceTitulos, ceCopa, idPistas),
foreign key (ceTitulos) references Títulos(idTitulos),
foreign key (ceCopa) references Copa(idCopa));

insert into Pistas values
(1, 1, 1, 'Mario Circuit 1', 'Circuito', 'Voltas'),
(1, 1, 2, 'Donut Plains 1', null, 'Voltas'),
(1, 1, 3, 'Ghost Valley 1', 'Assombrada', 'Voltas'),
(1, 1, 4, 'Bowser Castle 1', 'Fogo', 'Voltas'),
(1, 1, 5, 'Mario Circuit 2', 'Circuito', 'Voltas'),
(1, 2, 1, 'Choco Island 1', null, 'Voltas'),
(1, 2, 2, 'Ghost Valley 2', 'Assombrada', 'Voltas'),
(1, 2, 3, 'Donut Plains 2', null, 'Voltas'),
(1, 2, 4, 'Bowser Castle 2', 'Fogo', 'Voltas'),
(1, 2, 5, 'Mario Circuit 3', 'Circuito', 'Voltas'),
(1, 3, 1, 'Koopa Beach 1', 'Praia', 'Voltas'),
(1, 3, 2, 'Choco Island 2', null, 'Voltas'),
(1, 3, 3, 'Vanilla Lake 1', 'Neve', 'Voltas'),
(1, 3, 4, 'Bowser Castle 3', 'Fogo', 'Voltas'),
(1, 3, 5, 'Mario Circuit 4', 'Circuito', 'Voltas'),
(1, 4, 1, 'Donut Plains 3', null, 'Voltas'),
(1, 4, 2, 'Koopa Beach 2', 'Praia', 'Voltas'),
(1, 4, 3, 'Ghost Valley 3', 'Assombrada', 'Voltas'),
(1, 4, 4, 'Vanilla Lake 2', 'Neve', 'Voltas'),
(1, 4, 5, 'Rainbow Road', 'Espacial', 'Voltas'),
(2, 1, 1, 'Luigi Raceway', 'Circuito', 'Voltas'),
(2, 1, 2, 'Moo Moo Farm', 'Fazenda', 'Voltas'),
(2, 1, 3, 'Koopa Troopa Beach', 'Praia', 'Voltas'),
(2, 1, 4, 'Kalimari Desert', 'Deserto', 'Voltas'),
(2, 2, 1, "Toad'S Turnpike", null, 'Voltas'),
(2, 2, 2, 'Frappe Snowland', 'Neve', 'Voltas'),
(2, 2, 3, 'Choco Mountain', null, 'Voltas'),
(2, 2, 4, 'Mario Raceway', 'Circuito', 'Voltas'),
(2, 3, 1, 'Wario Stadium', 'Estádio', 'Voltas'),
(2, 3, 2, 'Sherbet Land', 'Gelo', 'Voltas'),
(2, 3, 3, 'Royal Raceway', 'Circuito', 'Voltas'),
(2, 3, 4, "Bowser's Castle", 'Fogo', 'Voltas'),
(2, 4, 1, "DK's Jungle Parkway", 'Selva', 'Voltas'),
(2, 4, 2, 'Yoshi Valley', null, 'Voltas'),
(2, 4, 3, 'Banshee Boardwalk', 'Assombrada', 'Voltas'),
(2, 4, 4, 'Rainbow Road', 'Espacial', 'Voltas'),
(3, 1, 1, 'Peach Circuit', 'Circuito', 'Voltas'),
(3, 1, 2, 'Shy Guy Beach', 'Praia', 'Voltas'),
(3, 1, 3, 'Riverside Park', 'Selva', 'Voltas'),
(3, 1, 4, 'Bowser Castle 1', 'Fogo', 'Voltas'),
(3, 2, 1, 'Mario Circuit', 'Circuito', 'Voltas'),
(3, 2, 2, 'Boo Lake', 'Assombrada', 'Voltas'),
(3, 2, 3, 'Cheese Land', null, 'Voltas'),
(3, 2, 4, 'Bowser Castle 2', 'Fogo', 'Voltas'),
(3, 8, 1, 'Luigi Circuit', 'Circuito', 'Voltas'),
(3, 8, 2, 'Sky Garden', null, 'Voltas'),
(3, 8, 3, 'Cheep Cheep Island', 'Praia', 'Voltas'),
(3, 8, 4,'Sunset Wilds', 'Deserto', 'Voltas'),
(3, 3, 1, 'Snow Land', 'Neve', 'Voltas'),
(3, 3, 2, 'Ribbon Road', null, 'Voltas'),
(3, 3, 3, 'Yoshi Desert', 'Deserto', 'Voltas'),
(3, 3, 4, 'Bowser Castle 3', 'Fogo', 'Voltas'),
(3, 4, 1, 'Lakeside Park', null, 'Voltas'),
(3, 4, 2, 'Broken Pier', 'Assombrada', 'Voltas'),
(3, 4, 3, 'Bowser Castle 4', 'Fogo', 'Voltas'),
(3, 4, 4, 'Rainbow Road', 'Espacial', 'Voltas'),
(4, 1, 1, 'Luigi Circuit', 'Circuito', 'Voltas'),
(4, 1, 2, 'Peach Beach', 'Praia', 'Voltas'),
(4, 1, 3, 'Baby Park', null, 'Voltas'),
(4, 1, 4, 'Dry Dry Desert', 'Deserto', 'Voltas'),
(4, 2, 1, 'Mushroom Bridge', null, 'Voltas'),
(4, 2, 2, 'Mario Circuit', 'Circuito', 'Voltas'),
(4, 2, 3, 'Daisy Cruiser', null, 'Voltas'),
(4, 2, 4, 'Waluigi Stadium', 'Estádio', 'Voltas'),
(4, 3, 1, 'Sherbet Land', 'Neve', 'Voltas'),
(4, 3, 2, 'Mushroom City', 'Cidade', 'Voltas'),
(4, 3, 3, 'Yoshi Circuit', 'Circuit', 'Voltas'),
(4, 3, 4, 'DK Mountain', 'Selva', 'Voltas'),
(4, 4, 1, 'Wario Colosseum', null, 'Voltas'),
(4, 4, 2, 'Dino Dino Jungle', 'Selva', 'Voltas'),
(4, 4, 3, "Bowser's Castle", 'Fogo', 'Voltas'),
(4, 4, 4, 'Rainbow Road', 'Espacial', 'Voltas'),
(5, 1, 1, 'Figure-8 Circuit', 'Circuito', 'Voltas'),
(5, 1, 2, 'Yoshi Falls', null, 'Voltas'),
(5, 1, 3, 'Cheep Cheep Beach', 'Praia', 'Voltas'),
(5, 1, 4, "Luigi's Mansion", 'Assombrada', 'Voltas'),
(5, 2, 1, 'Desert Hills', 'Deserto', 'Voltas'),
(5, 2, 2, 'Delfino Square', null, 'Voltas'),
(5, 2, 3, 'Waluigi Pinball', null, 'Voltas'),
(5, 2, 4, 'Shroom Ridge', null, 'Voltas'),
(5, 3, 1, 'Tick-Tock Clock', null, 'Voltas'),
(5, 3, 2, 'DK Pass', 'Neve', 'Voltas'),
(5, 3, 3, 'Mario Circuit', 'Circuito', 'Voltas'),
(5, 3, 4, 'Airship Fortress', null, 'Voltas'),
(5, 4, 1, 'Wario Stadium', 'Estádio', 'Voltas'),
(5, 4, 2, 'Peach Gardens', null, 'Voltas'),
(5, 4, 3, 'Bowser Castle', 'Fogo', 'Voltas'),
(5, 4, 4, 'Rainbow Road', 'Espacial', 'Voltas'),
(6, 1, 1, 'Luigi Circuit', 'Circuito', 'Voltas'),
(6, 1, 2, 'Moo Moo Meadows', 'Fazenda', 'Voltas'),
(6, 1, 3, 'Mushroom Gorge', null, 'Voltas'),
(6, 1, 4, "Toad's Factory", null, 'Voltas'),
(6, 2, 1, 'Mario Circuit', 'Circuito', 'Voltas'),
(6, 2, 2, 'Coconut Mall', null, 'Voltas'),
(6, 2, 3, 'DK Summit', 'Neve', 'Voltas'),
(6, 2, 4, "Wario's Gold Mine", null, 'Voltas'),
(6, 3, 1, 'Daisy Circuit', 'Cidade', 'Voltas'),
(6, 3, 2, 'Koopa Cape', null, 'Voltas'),
(6, 3, 3, 'Maple Treeway', null, 'Voltas'),
(6, 3, 4, 'Grumble Volcano', 'Fogo', 'Voltas'),
(6, 4, 1, 'Dry Dry Ruins', 'Deserto', 'Voltas'),
(6, 4, 2, 'Moonview Highway', 'Cidade', 'Voltas'),
(6, 4, 3, "Bowser's Castle", 'Fogo', 'Voltas'),
(6, 4, 4, 'Rainbow Road', 'Espacial', 'Voltas'),
(7, 1, 1, 'Toad Circuit', 'Circuito', 'Voltas'),
(7, 1, 2, 'Daisy Hills', null, 'Voltas'),
(7, 1, 3, 'Cheep Cheep Lagoon', null, 'Voltas'),
(7, 1, 4, 'Shy Guy Bazaar', 'Cidade', 'Voltas'),
(7, 2, 1, 'Wuhu Loop', null, 'Seções'),
(7, 2, 2, 'Mario Circuit', 'Circuito', 'Voltas'),
(7, 2, 3, 'Musc Park', null, 'Voltas'),
(7, 2, 4, 'Rock Rock Mountain', null, 'Voltas'),
(7, 3, 1, 'Piranha Plant Slide', null, 'Voltas'),
(7, 3, 2, 'Wario Shipyard', null, 'Voltas'),
(7, 3, 3, 'Neo Bowser City', 'Cidade', 'Voltas'),
(7, 3, 4, 'Maka Wuhu', null, 'Seções'),
(7, 4, 1, 'DK Jungle', 'Selva', 'Voltas'),
(7, 4, 2, "Rosalina's Ice World", 'Neve', 'Voltas'),
(7, 4, 3, "Bowser's Castle", 'Fogo', 'Voltas'),
(7, 4, 4, 'Rainbow Road', 'Espacial', 'Seções'),
(8, 1, 1, 'Mario Kart Stadium', 'Estádio', 'Voltas'),
(8, 1, 2, 'Water Park', null, 'Voltas'),
(8, 1, 3, 'Sweet Sweet Canyon', null, 'Voltas'),
(8, 1, 4, 'Thwomp Ruins', null, 'Voltas'),
(8, 2, 1, 'Mario Circuit', 'Circuito', 'Voltas'),
(8, 2, 2, 'Toad Harbor', 'Cidade', 'Voltas'),
(8, 2, 3, 'Twisted Mansion', 'Assombrada', 'Voltas'),
(8, 2, 4, 'Shy Guy Falls', null, 'Voltas'),
(8, 3, 1, 'Sunshine Airport', null, 'Voltas'),
(8, 3, 2, 'Dolphin Shoals', null, 'Voltas'),
(8, 3, 3, 'Electrodrome', null, 'Voltas'),
(8, 3, 4, 'Mount Wario', 'Neve', 'Seções'),
(8, 4, 1, 'Cloudtop Cruise', null, 'Voltas'),
(8, 4, 2, 'Bone-Dry Dunes', 'Deserto', 'Voltas'),
(8, 4, 3, "Bowser's Castle", 'Fogo', 'Voltas'),
(8, 4, 4, 'Rainbow Road', 'Espacial', 'Voltas'),
(8, 9, 2, 'Excitebike Arena', null, 'Voltas'),
(8, 9, 3, 'Dragon Driftway', null, 'Voltas'),
(8, 9, 4, 'Mute City', 'Cidade', 'Voltas'),
(8, 10, 3, 'Ice Ice Outpost', 'Gelo', 'Voltas'),
(8, 10, 4, 'Hyrule Circuit', null, 'Voltas'),
(8, 11, 3, 'Wild Woods', 'Selva', 'Voltas'),
(8, 11, 4, 'Animal Crossing', null, 'Voltas'),
(8, 12, 3, 'Super Bell Subway', null, 'Voltas'),
(8, 12, 4, 'Big Blue', null, 'Seções'),
(9, 16, 4, 'Sky-High Sundae', null, 'Voltas'),
(9, 19, 4, "Yoshi's Island", null, 'Voltas'),
(10, 25, 1, 'New York Minute', 'Cidade', 'Voltas'),
(10, 25, 2, 'Tokyo Blur', 'Cidade', 'Voltas'),
(10, 25, 3, 'Paris Promenade', 'Cidade', 'Voltas'),
(10, 25, 4, 'London Loop', 'Cidade', 'Voltas'),
(10, 25, 5, 'Vancouver Velocity', 'Cidade', 'Voltas'),
(10, 25, 6, 'Los Angeles Laps', 'Cidade', 'Voltas'),
(10, 25, 7, 'Berlin Byways', 'Cidade', 'Voltas'),
(10, 25, 8, 'Sydney Sprint', 'Cidade', 'Voltas'),
(10, 25, 9, 'Singapore Speedway', 'Cidade', 'Voltas'),
(10, 25, 10, 'Amsterdam Drift', 'Cidade', 'Voltas'),
(10, 25, 11, 'Bangkok Rush', 'Cidade', 'Voltas'),
(10, 25, 12, 'Athens Dash', 'Cidade', 'Voltas'),
(10, 25, 13, 'Rome Avanti', 'Cidade', 'Voltas'),
(10, 25, 14, 'Merry Mountain', 'Neve', 'Voltas'),
(10, 25, 15, 'Ninja Hideaway', null, 'Voltas'),
(10, 25, 16, 'Piranha Plant Cove', null, 'Voltas'),
(10, 25, 17, 'Piranha Plant Pipeline', null, 'Voltas'),
(10, 25, 18, 'RMX Mario Circuit 1', 'Circuito', 'Voltas'),
(10, 25, 19, 'RMX Choco Island 1', null, 'Voltas'),
(10, 25, 20, 'RMX Rainbow Road 1', 'Espacial', 'Voltas'),
(10, 25, 21, 'RMX Rainbow Road 2', 'Espacial', 'Voltas'),
(10, 25, 22, 'RMX Choco Island 2', null, 'Voltas'),
(10, 25, 23, 'RMX Vanilla Lake 1', 'Neve', 'Voltas'),
(10, 25, 24, 'RMX Ghost Valley 1', 'Assombrado', 'Voltas'),
(10, 25, 25, 'RMX Bowser Castle 1', 'Fogo', 'Voltas'),
(10, 25, 26, 'RMX Donut Plains 1', null, 'Voltas'),
(11, 1, 1, 'Mario Bros. Circuit', 'Circuito', 'Voltas'),
(11, 1, 2, 'Crown City', 'Cidade', 'Voltas'),
(11, 1, 3, 'Whistletop Summit', null, 'Voltas'),
(11, 1, 4, 'DK Spaceport', null, 'Voltas'),
(11, 3, 2, 'Starview Peak', 'Neve', 'Voltas'),
(11, 5, 2, 'Faraway Oasis', null, 'Voltas'),
(11, 5, 4, 'Peach Stadium', 'Estádio', 'Voltas'),
(11, 6, 2, 'Salty Salty Speedway', 'Cidade', 'Voltas'),
(11, 6, 4, 'Great ? Block Ruins', null, 'Voltas'),
(11, 7, 1, 'Cheep Cheep Falls', null, 'Voltas'),
(11, 7, 2, 'Dandelion Depths', null, 'Voltas'),
(11, 7, 3, 'Boo Cinema', 'Assombrado', 'Voltas'),
(11, 7, 4, 'Dry Bones Burnout', 'Fogo', 'Voltas'),
(11, 8, 4, "Bowser's Castle", 'Fogo', 'Voltas'),
(11, 4, 1, 'Acorn Heights', null, 'Voltas'),
(11, 4, 3, 'Peach Stadium', 'Estádio', 'Voltas'),
(11, 4, 4, "Rainbow Road", 'Espacial', 'Voltas');

create table Peso(
idPeso int primary key,
Categoria varchar(45));

insert into Peso values
(1, 'Feather'),
(2, 'Very Light'),
(3, 'Light'),
(4, 'Medium-Light'),
(5, 'Medium'),
(6, 'Medium-Heavy'),
(7, 'Heavy'),
(8, 'Very Heavy');

create table Pilotos(
ceTitulos int,
cePeso int,
idPilotos int,
Nome varchar(45) not null,
GameOrigem varchar(45),
primary key (ceTitulos, cePeso, idPilotos),
foreign key (ceTitulos) references Títulos(idTitulos),
foreign key (cePeso) references Peso(idPeso));

insert into Pilotos values
(1, 5, 1, 'Mario', 'Donkey Kong'),
(1, 5, 2, 'Luigi', 'Mario Bros.'),
(1, 4, 1, 'Peach', 'Super Mario Bros.'),
(1, 3, 1, 'Toad', 'Super Mario Bros.'),
(1, 4, 2, 'Yoshi', 'Super Mario World'),
(1, 3, 2, 'Koopa Troopa', 'Super Mario Bros.'),
(1, 7, 1, 'Donkey Kong Jr.', 'Donkey Kong Jr.'),
(1, 8, 1, 'Bowser', 'Super Mario Bros.'),
(2, 7, 1, 'Donkey Kong', 'Donkey Kong'),
(2, 7, 2, 'Wario', 'Super Mario Land 2: 6 Golden Coins'),
(4, 5, 1, 'Birdo', 'Super Mario Bros. 2'),
(4, 4, 1, 'Daisy', 'Super Mario Land'),
(4, 3, 1, 'Toadette', 'Mario Kart: Double Dash!!'),
(4, 2, 1, 'Baby Mario', "Super Mario World 2: Yoshi's Island"),
(4, 2, 2, 'Baby Luigi', "Super Mario World 2: Yoshi's Island"),
(4, 3, 2, 'Koopa Paratroopa', 'Super Mario Bros.'),
(4, 5, 2, 'Diddy Kong', 'Donkey Kong Country'),
(4, 5, 3, 'Bowser Jr.', 'Super Mario Sunshine'),
(4, 7, 1, 'Waluigi', 'Mario Tennis'),
(4, 6, 1, 'King Boo', "Luigi's Mansion"),
(4, 7, 2, 'Petey Piranha', 'Super Mario Sunshine'),
(5, 2, 1, 'Dry Bones', 'Super Mario Bros. 3'),
(5, 7, 1, 'R.O.B.', 'Gyromite'),
(5, 3, 1, 'Shy Guy', 'Super Mario Bros. 2'),
(6, 1, 1, 'Baby Peach', 'Mario & Luigi: Partners in Time'),
(6, 1, 2, 'Baby Daisy', 'Mario Kart Wii'),
(6, 6, 1, 'Rosalina', 'Super Mario Galaxy'),
(6, 7, 1, 'Dry Bowser', 'New Super Mario Bros.'),
(6, 7, 2, 'Funky Kong', 'Donkey Kong Country'),
(6, 5, 1, 'Mii', null),
(7, 7, 1, 'Metal Mario', 'Super Mario 64'),
(7, 7, 2, 'Honey Queen', 'Super Mario Galaxy'),
(7, 7, 3, 'Wiggler', 'Super Mario World'),
(7, 3, 1, 'Lakitu', 'Super Mario Bros.'),
(8, 2, 1, 'Baby Rosalina', 'Mario Kart 8'),
(8, 7, 1, 'Pink Gold Peach', 'Mario Kart 8'),
(8, 3, 1, 'Lemmy', 'Super Mario Bros. 3'),
(8, 3, 2, 'Larry', 'Super Mario Bros. 3'),
(8, 3, 3, 'Wendy', 'Super Mario Bros. 3'),
(8, 5, 1, 'Iggy', 'Super Mario Bros. 3'),
(8, 5, 2, 'Ludwig', 'Super Mario Bros. 3'),
(8, 7, 2, 'Morton', 'Super Mario Bros. 3'),
(8, 7, 3, 'Roy', 'Super Mario Bros. 3'),
(8, 7, 4, 'Link', 'The Legend of Zelda'),
(8, 5, 3, 'Villager', 'Animal Crossing'),
(8, 3, 4, 'Isabelle', 'Animal Crossing: New Leaf'),
(8, 5, 4, 'Tanooki Mario', 'Super Mario Bros. 3'),
(8, 5, 5, 'Cat Peach', 'Super Mario 3D World'),
(9, 5, 1, 'Inkling', 'Splatoon'),
(10, 7, 1, 'Pauline', 'Donkey Kong'),
(10, 3, 1, 'Nabbit', 'New Super Mario Bros. U'),
(10, 5, 1, 'Hammer Bro', 'Super Mario Bros.'),
(10, 5, 2, 'Boomerang Bro', 'Super Mario Bros. 3'),
(10, 5, 3, 'Peachette', 'New Super Mario Bros. U Deluxe'),
(10, 5, 4, 'Kamek', "Super Mario World 2: Yoshi's Island"),
(10, 5, 5, 'Fire Bro', 'Super Mario Bros. 3'),
(10, 5, 6, 'Ice Bro', 'New Super Mario Bros. Wii'),
(10, 5, 7, 'Monty Mole', 'Super Mario World'),
(10, 5, 8, 'Dixie Kong', "Donkey Kong Country 2: Diddy's Kong Quest"),
(10, 3, 2, 'Captain Toad', 'Super Mario 3D World'),
(10, 7, 2, 'King Bob-omb', 'Super Mario 64'),
(10, 3, 3, 'Poochy', "Super Mario World 2: Yoshi's Island"),
(10, 7, 3, "Chargin' Chuck", 'Super Mario World'),
(11, 2, 1, 'Goomba', 'Super Mario Bros.'),
(11, 3, 1, 'Stingby', 'Super Mario 3D Land'),
(11, 1, 1, 'Para-Biddybud', 'Super Mario 3D Land'),
(11, 6, 1, 'Cataquack', 'Super Mario Sunshine'),
(11, 2, 2, 'Peepa', 'Super Mario 3D Land'),
(11, 4, 1, 'Dolphin', 'Super Mario World'),
(11, 6, 2, 'Piranha Plant', 'Super Mario Bros.'),
(11, 5, 1, 'Penguin', 'Super Mario 64'),
(11, 5, 2, 'Pokey', 'Super Mario Bros. 2'),
(11, 7, 1, 'Pianta', 'Super Mario Sunshine'),
(11, 1, 2, 'Swoop', 'Super Mario World'),
(11, 2, 3, 'Sidestepper', 'Mario Bros.'),
(11, 2, 4, 'Cheep Cheep', 'Super Mario Bros.'),
(11, 6, 3, 'Snowman', 'Super Mario 64'),
(11, 5, 3, 'Rocky Wrench', 'Super Mario Bros.3'),
(11, 2, 5, 'Fish Bone', 'Super Mario World'),
(11, 3, 2, 'Monty Mole', 'Super Mario World'),
(11, 7, 2, 'Cow', 'Mario Kart 64'),
(11, 2, 6, 'Spike', 'Super Mario Bros. 3'),
(11, 6, 4, 'Conkdor', 'Super Mario 3D World'),
(11, 4, 2, 'Coin Coffer', 'Super Mario 3D Land');

create table Tipos(
idTipos int primary key,
Classificação varchar(45));

insert into Tipos values
(1, 'Kart'),
(2, 'Moto'),
(3, 'ATV'),
(4, 'Outros');

create table Veículos(
ceTitulos int,
ceTipos int,
idVeiculos int,
Nome varchar(45) not null,
primary key (ceTitulos, ceTipos, idVeiculos),
foreign key (ceTitulos) references Títulos(idTitulos),
foreign key (ceTipos) references Tipos(idTipos));

insert into Veículos values
(1, 1, 1, 'Pipe Frame'),
(2, 1, 1, 'Pipe Frame'),
(3, 1, 1, 'Pipe Frame'),
(4, 1, 1, 'Red Fire'),
(4, 1, 2, 'Green Fire'),
(4, 1, 3, 'Heart Coach'),
(4, 1, 4, 'Bloom Coach'),
(4, 1, 5, 'Turbo Yoshi'),
(4, 1, 6, 'Turbo Birdo'),
(4, 1, 7, 'Goo-Goo Buggy'),
(4, 1, 8, 'Rattle Buggy'),
(4, 1, 9, 'Toad Kart'),
(4, 1, 10, 'Toadette Kart'),
(4, 1, 11, 'Koopa Dasher'),
(4, 1, 12, 'Para Wing'),
(4, 1, 13, 'DK Jumbo'),
(4, 1, 14, 'Barrel Train'),
(4, 1, 15, 'Koopa King'),
(4, 1, 16, 'Bullet Blaster'),
(4, 1, 17, 'Wario Car'),
(4, 1, 18, 'Waluigi Racer'),
(4, 1, 19, 'Piranha Pipes'),
(4, 1, 20, 'Boo Pipes'),
(4, 1, 21, 'Parade Kart'),
(5, 1, 1, 'Standard Kart'),
(5, 1, 2, 'Poltergust 4000'),
(5, 1, 3, 'B Dasher'),
(5, 1, 4, 'Dry Bomber'),
(5, 1, 5, 'Zipper'),
(5, 1, 6, 'Gold Mantis'),
(5, 1, 7, 'Shooting Star'),
(5, 1, 8, 'Streamliner'),
(5, 1, 9, 'Royale'),
(5, 1, 10, 'Light Tripper'),
(5, 1, 11, 'Egg 1'),
(5, 1, 12, 'Cucumber'),
(5, 1, 13, 'Mushmellow'),
(5, 1, 14, '4-Wheel Cradle'),
(5, 1, 15, 'Rambi Rider'),
(5, 1, 16, 'Wildlife'),
(5, 1, 17, 'Brute'),
(5, 1, 18, 'Dragonfly'),
(5, 1, 19, 'Tyrant'),
(5, 1, 20, 'Hurricane'),
(5, 1, 21, 'Power Flower'),
(5, 1, 22, 'Light Dancer'),
(5, 1, 23, 'Banisher'),
(5, 1, 24, 'ROB-BLS'),
(5, 1, 25, 'ROB-LGS'),
(6, 1, 1, 'Standard Kart'),
(6, 1, 2, 'Booster Seat'),
(6, 1, 3, 'Mini Beast'),
(6, 1, 4, 'Cheep Charger'),
(6, 1, 5, 'Tiny Titan'),
(6, 1, 6, 'Blue Falcon'),
(6, 1, 7, 'Classic Dragster'),
(6, 1, 8, 'Wild Wing'),
(6, 1, 9, 'Super Blooper'),
(6, 1, 10, 'Daytripper'),
(6, 1, 11, 'Sprinter'),
(6, 1, 12, 'Offroader'),
(6, 1, 13, 'Flame Flyer'),
(6, 1, 14, 'Piranha Prowler'),
(6, 1, 15, 'Jetsetter'),
(6, 1, 16, 'Honeycoupe'),
(6, 2, 1, 'Standard Bike'),
(6, 2, 2, 'Bullet Bike'),
(6, 2, 3, 'Bit Bike'),
(6, 2, 4, 'Quacker'),
(6, 2, 5, 'Magikruiser'),
(6, 2, 6, 'Jet Bubble'),
(6, 2, 7, 'Mach Bike'),
(6, 2, 8, 'Sugarscoot'),
(6, 2, 9, 'Zip Zip'),
(6, 2, 10, 'Sneakster'),
(6, 2, 11, 'Dolphin Dasher'),
(6, 2, 12, 'Flame Runner'),
(6, 2, 13, 'Wario Bike'),
(6, 2, 14, 'Shooting Star'),
(6, 2, 15, 'Spear'),
(6, 2, 16, 'Phantom'),
(7, 1, 1, 'Standard'),
(7, 1, 2, 'Pipe Frame'),
(7, 1, 3, 'Bolt Buggy'),
(7, 1, 4, 'Blue Seven'),
(7, 1, 5, 'Zucchini'),
(7, 1, 6, 'Cloud 9'),
(7, 1, 7, 'Koopa Clown'),
(7, 1, 8, 'Cact-X'),
(7, 1, 9, 'Tiny Tug'),
(7, 1, 10, 'Barrel Train'),
(7, 1, 11, 'Egg 1'),
(7, 1, 12, 'B Dasher'),
(7, 1, 13, 'Soda Jet'),
(7, 1, 14, 'Bruiser'),
(7, 1, 15, 'Bumble V'),
(7, 1, 16, 'Birthday Girl'),
(7, 1, 17, 'Gold Standard'),
(8, 1, 1, 'Standard'),
(8, 1, 2, 'Pipe Frame'),
(8, 1, 3, 'Mach 8'),
(8, 1, 4, 'Steel Driver'),
(8, 1, 5, 'Cat Cruiser'),
(8, 1, 6, 'Circuit Special'),
(8, 1, 7, 'Tri-Speeder'),
(8, 1, 8, 'Badwagon'),
(8, 1, 9, 'Prancer'),
(8, 1, 10, 'Biddybuggy'),
(8, 1, 11, 'Landship'),
(8, 1, 12, 'Sneeker'),
(8, 1, 13, 'Sports Coupe'),
(8, 1, 14, 'Gold Standard'),
(8, 1, 15, 'GLA'),
(8, 1, 16, 'W 25 Silver Arrow'),
(8, 1, 17, '300 SL Roadster'),
(8, 1, 18, 'Blue Falcon'),
(8, 1, 19, 'Tanooki Kart'),
(8, 1, 20, 'B Dasher'),
(8, 1, 21, 'Streetle'),
(8, 1, 22, 'P-Wing'),
(8, 2, 1, 'Standard Bike'),
(8, 2, 2, 'Comet'),
(8, 2, 3, 'Sport Bike'),
(8, 2, 4, 'The Duke'),
(8, 2, 5, 'Varmint'),
(8, 2, 6, 'Mr. Scooty'),
(8, 2, 7, 'Jet Bike'),
(8, 2, 8, 'Yoshi Bike'),
(8, 2, 9, 'Master Cycle'),
(8, 2, 10, 'City Tripper'),
(8, 3, 1, 'Standard ATV'),
(8, 3, 2, 'Wild Wiggler'),
(8, 3, 3, 'Teddy Buggy'),
(8, 3, 4, 'Bone Rattler'),
(9, 1, 1, 'Koopa Clown'),
(9, 2, 1, 'Master Cycle Zero'),
(9, 3, 1, 'Splat Buggy'),
(9, 3, 2, 'Inkstriker'),
(10, 1, 1, 'Biddybuggy'),
(10, 1, 2, 'Birthda Girl'),
(10, 1, 3, 'Bullet Blaster'),
(10, 1, 4, "Bull's Eye Banzai"),
(10, 1, 5, 'Cheep Charger'),
(10, 1, 6, 'Green Kiddie'),
(10, 1, 7, 'Koopa Dasher'),
(10, 1, 8, 'Landship'),
(10, 1, 9, 'Mushmellow'),
(10, 1, 10, 'Pipe Buggy'),
(10, 1, 11, 'Pipe Frame'),
(10, 1, 12, 'Warship'),
(10, 1, 13, 'Barrel Train'),
(10, 1, 14, 'Blue Seven'),
(10, 1, 15, 'DK Jumbo'),
(10, 1, 16, 'Cloud 9'),
(10, 1, 17, 'Dasher II'),
(10, 1, 18, 'Daytripper'),
(10, 1, 19, 'Egg 1'),
(10, 1, 20, 'Flame Flyer'),
(10, 1, 21, 'Koopa Clown'),
(10, 1, 22, 'Mach 8'),
(10, 1, 23, 'Para-Wing'),
(10, 1, 24, 'Poltergust 4000'),
(10, 1, 25, 'Royale'),
(10, 1, 26, 'Soda Jet'),
(10, 1, 27, 'Streamliner'),
(10, 1, 28, 'Super 1'),
(10, 1, 29,' Super Blooper'),
(10, 1, 30, 'Tea Coupe'),
(10, 1, 31, 'Turbo Birdo'),
(10, 1, 32, 'Turbo Yoshi'),
(10, 1, 33, 'Zucchini'),
(10, 1, 34, 'Apple Kart'),
(10, 1, 35, 'B Dasher'),
(10, 1, 36, 'Badwagon'),
(10, 1, 37, 'Circuit Special'),
(10, 1, 38, 'Bright Bunny'),
(10, 1, 39, 'Bruiser'),
(10, 1, 40, 'Bumble V'),
(10, 1, 41, 'Carrot Kart'),
(10, 1, 42, 'Cheermellow'),
(10, 1, 43, 'Builder Mario'),
(10, 1, 44, 'Comet Tail'),
(10, 1, 45, 'Double-Decker'),
(10, 1, 46, 'Dozer Dasher'),
(10, 1, 47, 'Ghost Ride'),
(10, 1, 48, 'Jingle Bells'),
(10, 1, 49, 'Karp Kart'),
(10, 1, 50, 'Macharon'),
(10, 1, 51, 'P-Wing'),
(10, 1, 52, 'Quickshaw'),
(10, 1, 53, 'Ribbon Rider'),
(10, 1, 54, 'Snow Skimmer'),
(10, 1, 55, 'Trickster'),
(10, 1, 56, 'Wild Wing'),
(10, 1, 57, 'Yellow Taxi'),
(10, 1, 58, 'Fast Frank'),
(11, 1, 1, 'Standard Kart'),
(11, 1, 2, 'Rally Kart'),
(11, 1, 3, 'Plushbuggy'),
(11, 1, 4, 'Baby Blooper'),
(11, 1, 5, 'Zoom Buggy'),
(11, 1, 6, "Chargin' Truck"),
(11, 1, 7, 'Hot Rod'),
(11, 1, 8, 'Ribbit Revster'),
(11, 1, 9, 'Roadster Royale'),
(11, 1, 10, 'B Dasher'),
(11, 1, 11, 'Biddybuggy'),
(11, 1, 12, 'Tiny Titan'),
(11, 1, 13, 'Stellar Sled'),
(11, 1, 14, 'Reel Racer'),
(11, 1, 15, 'Bumble V'),
(11, 1, 16, 'Carpet Flyer'),
(11, 1, 17, 'Cloud 9'),
(11, 1, 18, 'Blastronaut III'),
(11, 1, 19, 'Big Horn'),
(11, 1, 20, "Li'l Dumpy"),
(11, 1, 21, 'Mecha Trike'),
(11, 1, 22, 'Pipe Frame'),
(11, 1, 23, 'Billdozer'),
(11, 2, 1, 'Standard Bike'),
(11, 2, 2, 'Rally Bike'),
(11, 2, 3, 'Cute Scoot'),
(11, 2, 4, 'Mach Rocket'),
(11, 2, 5, 'Hyper Pipe'),
(11, 2, 6, 'Tune Thumper'),
(11, 2, 7, 'W-Twin Chopper'),
(11, 2, 8, 'Fin Twin'),
(11, 2, 9, 'R.O.B. H.O.G.'),
(11, 2, 10, 'Dolphin Dasher'),
(11, 2, 11, 'Loco Moto'),
(11, 3, 1, 'Funky Dorrie'),
(11, 3, 2, 'Junkyard Hog'),
(11, 3, 3, 'Lobster Roller'),
(11, 3, 4, 'Dread Sled'),
(11, 3, 5, 'Rallygator'),
(11, 3, 6, 'Bowser Bruiser');

create table Utilidade(
idUtilidade int primary key,
Característica varchar(45));

insert into Utilidade values
(1, 'Defesa'),
(2, 'Ataque'),
(3, 'Velocidade'),
(4, 'Outros');

create table Itens(
ceTitulos int,
ceUtilidade int,
idItens int,
Nome varchar(45),
primary key (ceTitulos, ceUtilidade, idItens),
foreign key (ceTitulos) references Títulos(idTitulos),
foreign key (ceUtilidade) references Utilidade(idUtilidade));

insert into Itens values
(1, 1, 1, 'Banana'),
(1, 2, 1, 'Green Shell'),
(1, 2, 2, 'Red Shell'),
(1, 2, 3, 'Lightning'),
(1, 3, 1, 'Mushroom'),
(1, 3, 2, 'Starman'),
(1, 4, 1, 'Boo'),
(1, 4, 2, 'Feather'),
(1, 4, 3, 'Coin'),
(2, 1, 1, 'Banana'),
(2, 1, 2, 'Banana Bunch'),
(2, 1, 3, 'Fake Item Box'),
(2, 2, 1, 'Green Shell'),
(2, 2, 2, 'Triple Green Shell'),
(2, 2, 3, 'Red Shell'),
(2, 2, 4, 'Triple Red Shell'),
(2, 2, 5, 'Spiny Shell'),
(2, 2, 6, 'Lightning'),
(2, 3, 1, 'Mushroom'),
(2, 3, 2, 'Triple Mushroom'),
(2, 3, 3, 'Golden Mushroom'),
(2, 3, 4, 'Starman'),
(2, 4, 1, 'Boo'),
(3, 1, 1, 'Banana'),
(3, 2, 1, 'Green Shell'),
(3, 2, 2, 'Triple Green Shell'),
(3, 2, 3, 'Red Shell'),
(3, 2, 4, 'Triple Red Shell'),
(3, 2, 5, 'Spiny Shell'),
(3, 2, 6, 'Lightning'),
(3, 3, 1, 'Mushroom'),
(3, 3, 2, 'Triple Mushroom'),
(3, 3, 3, 'Starman'),
(3, 4, 1, 'Boo'),
(3, 4, 2, 'Coin'),
(4, 1, 1, 'Banana'),
(4, 1, 2, 'Giant Banana'),
(4, 1, 3, 'Heart'),
(4, 2, 1, 'Bowser Shell'),
(4, 2, 2, 'Bob-omb'),
(4, 2, 3, 'Fireball'),
(4, 2, 4, 'Green Shell'),
(4, 2, 5, 'Triple Green Shell'),
(4, 2, 6, 'Spiny Shell'),
(4, 2, 7, 'Red Shell'),
(4, 2, 8, 'Triple Red Shell'),
(4, 2, 9, 'Lightning'),
(4, 2, 10, 'Yoshi Egg'),
(4, 2, 11, 'Birdo Egg'),
(4, 3, 1, 'Mushroom'),
(4, 3, 2, 'Triple Mushroom'),
(4, 3, 3, 'Golden Mushroom'),
(4, 3, 4, 'Starman'),
(4, 3, 5, 'Chain Chomp'),
(4, 4, 1, 'Fake Item Box'),
(5, 1, 1, 'Banana'),
(5, 1, 2, 'Triple Banana'),
(5, 2, 1, 'Green Shell'),
(5, 2, 2, 'Triple Green Shell'),
(5, 2, 3, 'Red Shell'),
(5, 2, 4, 'Triple Red Shell'),
(5, 2, 5, 'Spiny Shell'),
(5, 2, 6, 'Bob-omb'),
(5, 2, 7, 'Lightning'),
(5, 3, 1, 'Bullet Bill'),
(5, 3, 2, 'Mushroom'),
(5, 3, 3, 'Triple Mushroom'),
(5, 3, 4, 'Golden Mushroom'),
(5, 3, 5, 'Starman'),
(5, 4, 1, 'Boo'),
(5, 4, 2, 'Blooper'),
(5, 4, 3, 'Fake Item Box'),
(6, 1, 1, 'Banana'),
(6, 1, 2, 'Triple Banana'),
(6, 2, 1, 'Green Shell'),
(6, 2, 2, 'Triple Green Shell'),
(6, 2, 3, 'Red Shell'),
(6, 2, 4, 'Triple Red Shell'),
(6, 2, 5, 'Spiny Shell'),
(6, 2, 6, 'Bob-omb'),
(6, 2, 7, 'Lightning'),
(6, 3, 1, 'Mushroom'),
(6, 3, 2, 'Triple Mushroom'),
(6, 3, 3, 'Golden Mushroom'),
(6, 3, 4, 'Mega Mushroom'),
(6, 3, 5, 'Starman'),
(6, 3, 6, 'Bullet Bill'),
(6, 4, 1, 'Boo'),
(6, 4, 2, 'Blooper'),
(6, 4, 3, 'Thunder Cloud'),
(6, 4, 4, 'POW Block'),
(6, 4, 5, 'Fake Item Box'),
(7, 1, 1, 'Banana'),
(7, 1, 2, 'Triple Banana'),
(7, 1, 3, 'Super Leaf'),
(7, 2, 1, 'Green Shell'),
(7, 2, 2, 'Triple Green Shell'),
(7, 2, 3, 'Red Shell'),
(7, 2, 4, 'Triple Red Shell'),
(7, 2, 5, 'Spiny Shell'),
(7, 2, 6, 'Bob-omb'),
(7, 2, 7, 'Fire Flower'),
(7, 2, 8, 'Lucky 7'),
(7, 2, 9, 'Lightning'),
(7, 3, 1, 'Mushroom'),
(7, 3, 2, 'Triple Mushroom'),
(7, 3, 3, 'Golden Mushroom'),
(7, 3, 4, 'Starman'),
(7, 3, 5, 'Bullet Bill'),
(7, 4, 1, 'Blooper'),
(8, 1, 1, 'Banana'),
(8, 1, 2, 'Triple Banana'),
(8, 1, 3, 'Super Horn'),
(8, 2, 1, 'Green Shell'),
(8, 2, 2, 'Triple Green Shell'),
(8, 2, 3, 'Red Shell'),
(8, 2, 4, 'Triple Red Shell'),
(8, 2, 5, 'Spiny Shell'),
(8, 2, 6, 'Bob-omb'),
(8, 2, 7, 'Fire Flower'),
(8, 2, 8, 'Boomerang Flower'),
(8, 2, 9, 'Crazy 8'),
(8, 2, 10, 'Lightning'),
(8, 2, 11, 'Piranha Plant'),
(8, 3, 1, 'Mushroom'),
(8, 3, 2, 'Triple Mushroom'),
(8, 3, 3, 'Golden Mushroom'),
(8, 3, 4, 'Bullet Bill'),
(8, 4, 1, 'Blooper'),
(8, 4, 2, 'Coin'),
(9, 1, 1, 'Banana'),
(9, 1, 2, 'Triple Banana'),
(9, 1, 3, 'Super Horn'),
(9, 2, 1, 'Green Shell'),
(9, 2, 2, 'Triple Green Shell'),
(9, 2, 3, 'Red Shell'),
(9, 2, 4, 'Triple Red Shell'),
(9, 2, 5, 'Spiny Shell'),
(9, 2, 6, 'Bob-omb'),
(9, 2, 7, 'Fire Flower'),
(9, 2, 8, 'Boomerang Flower'),
(9, 2, 9, 'Crazy 8'),
(9, 2, 10, 'Lightning'),
(9, 2, 11, 'Piranha Plant'),
(9, 3, 1, 'Mushroom'),
(9, 3, 2, 'Triple Mushroom'),
(9, 3, 3, 'Golden Mushroom'),
(9, 3, 4, 'Bullet Bill'),
(9, 4, 1, 'Blooper'),
(9, 4, 2, 'Coin'),
(9, 4, 3, 'Boo'),
(9, 4, 4, 'Feather'),
(11, 1, 1, 'Banana'),
(11, 1, 2, 'Triple Banana'),
(11, 1, 3, 'Super Horn'),
(11, 2, 1, 'Green Shell'),
(11, 2, 2, 'Triple Green Shell'),
(11, 2, 3, 'Red Shell'),
(11, 2, 4, 'Triple Red Shell'),
(11, 2, 5, 'Spiny Shell'),
(11, 2, 6, 'Fire Flower'),
(11, 2, 7, 'Boomerang Flower'),
(11, 2, 8, 'Coin Shell'),
(11, 2, 9, 'Bob-omb'),
(11, 2, 10, 'Hammer'),
(11, 2, 11, 'Ice Flower'),
(11, 2, 12, 'Lightning'),
(11, 3, 1, 'Mushroom'),
(11, 3, 2, 'Triple Mushroom'),
(11, 3, 3, 'Golden Mushroom'),
(11, 3, 4, 'Bullet Bill'),
(11, 3, 5, 'Mega Mushroom'),
(11, 3, 6, 'Dash Food'),
(11, 3, 7, 'Starman'),
(11, 4, 1, 'Blooper'),
(11, 4, 2, 'Boo'),
(11, 4, 3, '? Block'),
(11, 4, 4, 'Coin'),
(11, 4, 5, 'Feather'),
(11, 4, 6, 'Kamek');

create table Vendas(
ceTitulos int,
idVendas int,
Console varchar(45) not null,
VendasConsole int not null,
VendasJogo int not null,
primary key (ceTitulos, idVendas),
foreign key (ceTitulos) references Títulos(idTitulos));

select * from Pistas;
select * from Títulos;

select ps.nome as 'Piloto', pt.nome as 'Pista', i.nome as 'Item', NomeJogo as 'Game'
from Pistas ps join Títulos
on ceTitulos = idTitulos
join Itens i
on i.ceTitulos = idTitulos
join Pilotos pt
on pt.ceTitulos = idTitulos
where ps.nome = 'Rainbow Road' and pt.nome = 'Yoshi' and i.nome = 'Green Shell' and NomeJogo = 'Mario Kart 64';